{
  "format_version": "1.21.110",
  "minecraft:biome": {
    "description": {
      "identifier": "minecraft:cold_taiga_hills"
    },
    "components": {
      "minecraft:climate": {
        "downfall": 0.4,
        "snow_accumulation": [ 0.125, 0.5 ],
        "temperature": -0.5
      },
      "minecraft:overworld_height": {
        "noise_type": "mountains"
      },
      "minecraft:surface_builder": {
        "builder": {
          "type": "minecraft:overworld",
          "sea_floor_depth": 7,
          "sea_floor_material": "minecraft:gravel",
          "foundation_material": "minecraft:stone",
          "mid_material": "minecraft:dirt",
          "top_material": "minecraft:grass_block",
          "sea_material": "minecraft:water"
        }
      },

      "minecraft:tags": {
        "tags": [
          "animal",
          "cold",
          "forest",
          "hills",
          "monster",
          "overworld",
          "taiga",
          "spawns_cold_variant_farm_animals",
          "spawns_cold_variant_frogs",
          "spawns_white_rabbits"
        ]
      }
    }
  }
}
