{
  "format_version": "1.21.110",
  "minecraft:biome": {
    "description": {
      "identifier": "minecraft:swampland"
    },
    "components": {
      "minecraft:climate": {
        "downfall": 0.9,
        "snow_accumulation": [ 0.0, 0.125 ],
        "temperature": 0.8
      },
      "minecraft:map_tints" : {
        "grass": {
          "type": "noise"
        },
        "foliage": "#6a7039"
      },
      "minecraft:overworld_height": {
        "noise_type": "swamp"
      },
      "minecraft:surface_builder": {
        "builder": {
          "type": "minecraft:swamp",
          "sea_floor_depth": 7,
          "sea_floor_material": "minecraft:gravel",
          "foundation_material": "minecraft:stone",
          "mid_material": "minecraft:dirt",
          "top_material": "minecraft:grass_block",
          "sea_material": "minecraft:water",
          "max_puddle_depth_below_sea_level": 1
        }
      },
      "minecraft:overworld_generation_rules": {
        "mutate_transformation": "minecraft:swampland_mutated",
        "generate_for_climates": [
          [ "medium", 1 ]
        ]
      },

      "minecraft:tags": {
        "tags": [
          "animal",
          "monster",
          "overworld",
          "swamp",
          "spawns_slimes_on_surface"
        ]
      }
    }
  }
}
