{
    "format_version": "1.21.120",
    "minecraft:aim_assist_preset": {
        "identifier": "minecraft:aim_assist_default",
        "item_settings": {
            "minecraft:bucket": "minecraft:bucket"
        },
        "default_item_settings": "minecraft:default",
        "hand_settings": "minecraft:empty_hand",
        "exclusion_settings": {
          "blocks" : [ "minecraft:bedrock" ],
          "entities" : [ "minecraft:arrow" ]
        },
        "liquid_targeting_list": [
          "minecraft:bucket",
          "minecraft:oak_boat",
          "minecraft:birch_boat",
          "minecraft:spruce_boat",
          "minecraft:jungle_boat",
          "minecraft:acacia_boat",
          "minecraft:dark_oak_boat",
          "minecraft:mangrove_boat",
          "minecraft:cherry_boat",
          "minecraft:bamboo_raft",
          "minecraft:oak_chest_boat",
          "minecraft:birch_chest_boat",
          "minecraft:spruce_chest_boat",
          "minecraft:jungle_chest_boat",
          "minecraft:acacia_chest_boat",
          "minecraft:dark_oak_chest_boat",
          "minecraft:mangrove_chest_boat",
          "minecraft:cherry_chest_boat",
          "minecraft:bamboo_chest_raft"
        ]
    }
}
